TYPE,YEAR,MONTH,DAY,HOUR,MINUTE,HUNDRED_BLOCK,NEIGHBOURHOOD,X,Y
Break and Enter Commercial,2026,1,6,13,19,1XX W HASTINGS ST,Central Business District,492180.3713,5458813.1976
Break and Enter Commercial,2026,1,4,7,22,13XX VENABLES ST,Grandview-Woodland,494413.3985,5458229.4186
Break and Enter Commercial,2026,1,5,8,44,2XX DUNLEVY AVE,Strathcona,493061.6216,5458905.949
Break and Enter Commercial,2026,1,5,2,30,19XX SCOTIA ST,Mount Pleasant,492854.1081,5457215.1597
Break and Enter Commercial,2026,1,1,5,11,36XX KINGSWAY AVE,Killarney,498081.5624,5453261.1107
Break and Enter Commercial,2026,1,9,1,26,11XX W BROADWAY AVE,Fairview,490562.7571,5456747.1147
Break and Enter Commercial,2026,1,4,2,59,16XX MANITOBA ST,Mount Pleasant,492238.1676,5457536.7536
Break and Enter Commercial,2026,1,4,14,4,2X W PENDER ST,Central Business District,492335.0932,5458658.2509
Break and Enter Commercial,2026,1,6,0,10,32XX MAIN ST,Riley Park,492626.9329,5455906.6699
Break and Enter Commercial,2026,1,2,12,8,8X W PENDER ST,Central Business District,492208.5573,5458692.9973
Break and Enter Residential/Other,2026,1,1,4,0,10XX SCANTLINGS AVE,Fairview,490696.2689,5457180.3525
Break and Enter Commercial,2026,1,3,19,0,44XX W 10TH AVE,West Point Grey,484986.3952,5456797.1915
Break and Enter Commercial,2026,1,2,5,16,49XX JOYCE ST,Renfrew-Collingwood,497754.2748,5454065.3808
Break and Enter Commercial,2026,1,4,17,7,9XX W BROADWAY AVE,Fairview,490888.0922,5456747.8303
Break and Enter Residential/Other,2026,1,7,8,58,12XX W 11TH AVE,Fairview,490404.5552,5456540.9181
Break and Enter Residential/Other,2026,1,4,12,34,11XX W GEORGIA ST,Central Business District,490967.3844,5459309.7253
Break and Enter Residential/Other,2026,1,2,22,27,25XX E BROADWAY AVE,Hastings-Sunrise,496032.5121,5456589.6063
Break and Enter Commercial,2026,1,2,11,2,7XX GRANVILLE ST,Central Business District,491311.5684,5458761.2037
Break and Enter Residential/Other,2026,1,3,5,12,13XX MARINASIDE CRES,Central Business District,491144.9113,5457679.3526
Break and Enter Residential/Other,2026,1,5,8,42,18XX ROBSON ST,West End,490140.0456,5459870.0851
Break and Enter Residential/Other,2026,1,8,6,0,22XX E 46TH AVE,Victoria-Fraserview,495672.172,5452863.2208
Break and Enter Residential/Other,2026,1,8,11,25,36XX VICTORIA DR,Kensington-Cedar Cottage,495183.9207,5455562.1341
Break and Enter Residential/Other,2026,1,1,3,0,4XX E 55TH AVE,Sunset,493000.0158,5451917.5341
Break and Enter Residential/Other,2026,1,8,13,18,18XX VICTORIA DVRS,Kensington-Cedar Cottage,495168.24,5455595.7935
Break and Enter Residential/Other,2026,1,8,8,41,37XX W 36TH AVE,Dunbar-Southlands,486383.4007,5454104.2988
Break and Enter Residential/Other,2026,1,7,18,7,47XX DUCHESS ST,Renfrew-Collingwood,496415.1861,5454367.5795
Break and Enter Residential/Other,2026,1,2,3,22,47XX OAK ST,Shaughnessy,490700.0712,5454512.3627
Break and Enter Residential/Other,2026,1,3,10,5,5XX RICHARDS ST,Central Business District,491770.0479,5458940.4552
Break and Enter Residential/Other,2026,1,8,20,33,17XX ALBERNI ST,West End,490304.1363,5459864.2507
Mischief,2026,1,1,7,54,10XX CAMBIE ST,Central Business District,491411.8178,5458139.2099
Mischief,2026,1,6,6,36,10XX CANADA PL,Central Business District,491493.3778,5459541.9474
Break and Enter Residential/Other,2026,1,5,18,33,33XX WELLINGTON AVE,Renfrew-Collingwood,497430.2154,5454385.2548
Break and Enter Residential/Other,2026,1,5,14,14,44XX WALDEN ST,Riley Park,492724.0884,5454724.9838
Break and Enter Residential/Other,2026,1,1,18,55,61XX GLENDALOUGH PL,Dunbar-Southlands,486875.0397,5453130.0429
Mischief,2026,1,1,19,5,10XX SEYMOUR ST,Central Business District,491099.4904,5458401.3612
Break and Enter Residential/Other,2026,1,2,7,18,50XX WILLOW ST,South Cambie,490993.8313,5454157.2683
Break and Enter Residential/Other,2026,1,7,20,30,6XX E HASTINGS ST,Strathcona,493398.7299,5458723.0599
Mischief,2026,1,8,20,2,11XX DAVIE ST,West End,490302.794,5458784.2103
Mischief,2026,1,1,0,15,11XX PENDRELL ST,West End,490523.1771,5458717.7703
Mischief,2026,1,8,10,52,11XX ROBSON ST,West End,490870.9796,5459157.4511
Mischief,2026,1,4,21,38,16XX COMMERCIAL DR,Grandview-Woodland,494937.7832,5457523.7724
Mischief,2026,1,1,5,10,12XX BUTE ST,West End,490271.2664,5458754.7897
Mischief,2026,1,3,19,0,12XX KOOTENAY ST,Hastings-Sunrise,498105.0305,5457926.7944
Mischief,2026,1,5,23,4,15XX MAIN ST,Mount Pleasant,492697.8332,5457658.4092
Mischief,2026,1,7,3,6,15XX MAIN ST,Mount Pleasant,492697.8332,5457658.4092
Mischief,2026,1,1,19,30,15XX W 33RD AVE,Shaughnessy,489746.8638,5454352.4347
Mischief,2026,1,7,2,19,10XX GRANVILLE ST,Central Business District,491000.3223,5458448.6497
Mischief,2026,1,6,7,29,16XX WESTERN ST,Strathcona,492756.2734,5457626.001
Mischief,2026,1,2,13,3,13XX GRAVELEY ST,Grandview-Woodland,494429.5438,5457540.5133
Mischief,2026,1,4,7,0,13XX RICHARDS ST,Central Business District,490844.722,5458006.4631
Mischief,2026,1,4,7,22,13XX VENABLES ST,Grandview-Woodland,494413.3985,5458229.4186
Mischief,2026,1,1,4,43,14XX COMMERCIAL DR,Grandview-Woodland,494931.2825,5457670.9954
Mischief,2026,1,6,18,0,19XX GRAVELEY ST,Grandview-Woodland,495286.7171,5457528.9993
Mischief,2026,1,5,0,27,1X E PENDER ST,Central Business District,492432.8435,5458637.3373
Mischief,2026,1,4,4,50,1XX CASSIAR ST,Hastings-Sunrise,497759.3912,5459009.7155
Mischief,2026,1,6,16,7,1XX E GEORGIA ST,Central Business District,492742.3504,5458433.1357
Mischief,2026,1,8,6,34,1XX E HASTINGS ST,Central Business District,492702.7217,5458743.5256
Mischief,2026,1,2,18,40,23XX CAMBIE ST,Mount Pleasant,491656.4223,5456901.5522
Mischief,2026,1,3,13,0,2XX CASSIAR ST,Hastings-Sunrise,497759.5645,5458910.5509
Mischief,2026,1,7,21,15,2XX E 13TH AVE,Mount Pleasant,492644.3792,5456282.8537
Mischief,2026,1,4,22,7,21XX W 7TH AVE,Kitsilano,488727.3106,5456990.4834
Mischief,2026,1,2,0,45,1XX W 4TH AVE,Mount Pleasant,492136.5682,5457186.5082
Mischief,2026,1,7,20,0,31XX PRINCE EDWARD ST,Mount Pleasant,492986.9175,5456077.8964
Mischief,2026,1,2,12,34,34XX KINGSWAY AVE,Renfrew-Collingwood,497856.3874,5453255.2299
Mischief,2026,1,3,3,11,2XX GRANVILLE ST,Central Business District,491833.5672,5459286.8751
Mischief,2026,1,3,9,55,35XX W 26TH AVE,Dunbar-Southlands,486537.3688,5455159.8665
Mischief,2026,1,2,22,7,35XX W KING EDWARD AVE,Dunbar-Southlands,486538.2328,5455285.0452
Mischief,2026,1,7,8,51,2XX BURRARD ST,Central Business District,491602.6577,5459485.0197
Mischief,2026,1,1,11,37,36XX NORMANDY DR,Renfrew-Collingwood,498167.7032,5455411.3563
Mischief,2026,1,6,16,30,37XX W BROADWAY AVE,West Point Grey,486365.8956,5456857.8694
Mischief,2026,1,4,22,55,4XX ALEXANDER ST,Strathcona,493076.8136,5459029.0149
Mischief,2026,1,3,1,30,32XX RUPERT ST,Renfrew-Collingwood,497549.5473,5455834.0315
Mischief,2026,1,4,10,36,3X SMITHE ST,Central Business District,491808.7256,5457973.7041
Mischief,2026,1,3,11,40,3XX ABBOTT ST,Central Business District,492218.7053,5458879.6576
Mischief,2026,1,2,17,55,3XX CARRALL ST,Central Business District,492411.7115,5458845.2279
Mischief,2026,1,8,7,12,3XX E CORDOVA ST,Strathcona,493011.3295,5458829.5832
Mischief,2026,1,2,18,46,30XX W 10TH AVE,Kitsilano,487474.9742,5456732.3447
Mischief,2026,1,8,3,39,3XX KINGSWAY AVE,Mount Pleasant,492978.7369,5456333.2071
Mischief,2026,1,6,4,45,51XX WILLOW ST,South Cambie,490999.6124,5453982.3543
Mischief,2026,1,6,16,55,5XX HORNBY ST,Central Business District,491449.6765,5459186.2905
Mischief,2026,1,6,20,37,5XX HORNBY ST,Central Business District,491449.6765,5459186.2905
Mischief,2026,1,6,20,47,4XX SEYMOUR ST,Central Business District,491758.4392,5459079.5866
Mischief,2026,1,5,11,36,5XX SEYMOUR ST,Central Business District,491656.1246,5458976.4335
Mischief,2026,1,5,16,5,5XX W CORDOVA ST,Central Business District,491899.7265,5459152.9527
Mischief,2026,1,1,9,47,42XX DUMFRIES ST,Kensington-Cedar Cottage,494663.3697,5455002.9103
Mischief,2026,1,8,9,42,44XX VICTORIA DR,Kensington-Cedar Cottage,495262.8639,5454779.8399
Mischief,2026,1,7,0,37,58XX COMMERCIAL ST,Victoria-Fraserview,494989.3084,5453132.4992
Mischief,2026,1,3,21,0,5X CASSIAR ST,Hastings-Sunrise,497749.9802,5459064.6221
Mischief,2026,1,5,16,52,5X KEEFER PL,Central Business District,492248.5734,5458541.2202
Mischief,2026,1,1,2,30,48XX VICTORIA DR,Kensington-Cedar Cottage,495247.6432,5454206.5402
Mischief,2026,1,6,19,0,6XX HOWE ST,Central Business District,491438.5449,5459033.3305
Mischief,2026,1,1,23,28,6XX KEEFER ST,Strathcona,493347.1272,5458507.6379
Mischief,2026,1,3,1,40,6XX W CORDOVA ST,Central Business District,491865.2415,5459187.8455
Mischief,2026,1,6,20,10,6XX W CORDOVA ST,Central Business District,491865.2415,5459187.8455
Mischief,2026,1,2,19,30,74XX ROSS ST,Sunset,493953.2002,5451614.2649
Mischief,2026,1,6,16,40,6XX SE MARINE DR,Sunset,493315.4552,5450928.8928
Mischief,2026,1,7,22,2,7XX DAVIE ST,Central Business District,490777.0566,5458311.6269
Mischief,2026,1,8,12,4,7XX E HASTINGS ST,Strathcona,493542.9202,5458708.9176
Mischief,2026,1,7,12,0,8XX HAMILTON ST,Central Business District,491524.3902,5458410.4003
Mischief,2026,1,5,22,30,7XX W GEORGIA ST,Central Business District,491407.7443,5458871.8391
Mischief,2026,1,6,10,44,7XX W GEORGIA ST,Central Business District,491407.7443,5458871.8391
Mischief,2026,1,3,15,12,8X W PENDER ST,Central Business District,492212.5321,5458691.9037
Mischief,2026,1,1,16,42,9XX MAINLAND ST,Central Business District,491438.8659,5458327.549
Mischief,2026,1,3,10,43,9XX SEYMOUR ST,Central Business District,491232.9693,5458547.9668
Mischief,2026,1,6,5,33,9XX W BROADWAY AVE,Fairview,490956.6475,5456746.0829
Mischief,2026,1,8,13,43,9XX W GEORGIA ST,Central Business District,491249.6179,5459030.2409
Mischief,2026,1,4,22,52,9XX BURRARD ST,Central Business District,490908.075,5458789.9723
Mischief,2026,1,5,18,47,81XX KNIGHT STREET BRDG,Sunset,494368.0348,5450885.6366
Mischief,2026,1,8,4,18,8XX SMITHE ST,Central Business District,491089.957,5458698.2236
Mischief,2026,1,7,9,38,8XX W BROADWAY AVE,Fairview,490977.3008,5456745.4492
Mischief,2026,1,8,21,0,DUNSMUIR ST / RICHARDS ST,Central Business District,491675.884,5458852.2984
Mischief,2026,1,7,8,30,E 49TH AVE / FRASER ST,Sunset,493395.1364,5452521.6609
Mischief,2026,1,8,19,19,E BROADWAY AVE / RUPERT ST,Hastings-Sunrise,497539.192,5456571.0531
Mischief,2026,1,2,22,7,E HASTINGS ST / MAIN ST,Strathcona,492749.7913,5458737.3828
Mischief,2026,1,6,7,31,E HASTINGS ST / VERNON DR,Strathcona,494242.7222,5458709.8363
Offence Against a Person,2026,1,8,0,0,OFFSET TO PROTECT PRIVACY,West End,0.0,0.0
Offence Against a Person,2026,1,4,0,0,OFFSET TO PROTECT PRIVACY,Central Business District,0.0,0.0
Offence Against a Person,2026,1,4,0,0,OFFSET TO PROTECT PRIVACY,West End,0.0,0.0
Offence Against a Person,2026,1,7,0,0,OFFSET TO PROTECT PRIVACY,West End,0.0,0.0
Offence Against a Person,2026,1,4,0,0,OFFSET TO PROTECT PRIVACY,Central Business District,0.0,0.0
Offence Against a Person,2026,1,4,0,0,OFFSET TO PROTECT PRIVACY,West End,0.0,0.0
Offence Against a Person,2026,1,3,0,0,OFFSET TO PROTECT PRIVACY,Central Business District,0.0,0.0
Offence Against a Person,2026,1,4,0,0,OFFSET TO PROTECT PRIVACY,West End,0.0,0.0
Offence Against a Person,2026,1,2,0,0,OFFSET TO PROTECT PRIVACY,West End,0.0,0.0
Offence Against a Person,2026,1,3,0,0,OFFSET TO PROTECT PRIVACY,Central Business District,0.0,0.0
Offence Against a Person,2026,1,4,0,0,OFFSET TO PROTECT PRIVACY,West End,0.0,0.0
Offence Against a Person,2026,1,3,0,0,OFFSET TO PROTECT PRIVACY,West End,0.0,0.0
Offence Against a Person,2026,1,3,0,0,OFFSET TO PROTECT PRIVACY,Central Business District,0.0,0.0
Offence Against a Person,2026,1,3,0,0,OFFSET TO PROTECT PRIVACY,West End,0.0,0.0
Offence Against a Person,2026,1,7,0,0,OFFSET TO PROTECT PRIVACY,Central Business District,0.0,0.0
Offence Against a Person,2026,1,7,0,0,OFFSET TO PROTECT PRIVACY,Central Business District,0.0,0.0
Offence Against a Person,2026,1,8,0,0,OFFSET TO PROTECT PRIVACY,Central Business District,0.0,0.0
Offence Against a Person,2026,1,8,0,0,OFFSET TO PROTECT PRIVACY,Central Business District,0.0,0.0
Offence Against a Person,2026,1,6,0,0,OFFSET TO PROTECT PRIVACY,Central Business District,0.0,0.0
Offence Against a Person,2026,1,4,0,0,OFFSET TO PROTECT PRIVACY,Central Business District,0.0,0.0
Offence Against a Person,2026,1,6,0,0,OFFSET TO PROTECT PRIVACY,Central Business District,0.0,0.0
Offence Against a Person,2026,1,7,0,0,OFFSET TO PROTECT PRIVACY,Central Business District,0.0,0.0
Offence Against a Person,2026,1,6,0,0,OFFSET TO PROTECT PRIVACY,Central Business District,0.0,0.0
Offence Against a Person,2026,1,1,0,0,OFFSET TO PROTECT PRIVACY,Central Business District,0.0,0.0
Offence Against a Person,2026,1,1,0,0,OFFSET TO PROTECT PRIVACY,Central Business District,0.0,0.0
Offence Against a Person,2026,1,5,0,0,OFFSET TO PROTECT PRIVACY,Central Business District,0.0,0.0
Offence Against a Person,2026,1,2,0,0,OFFSET TO PROTECT PRIVACY,Central Business District,0.0,0.0
Offence Against a Person,2026,1,8,0,0,OFFSET TO PROTECT PRIVACY,Central Business District,0.0,0.0
Offence Against a Person,2026,1,6,0,0,OFFSET TO PROTECT PRIVACY,Central Business District,0.0,0.0
Offence Against a Person,2026,1,8,0,0,OFFSET TO PROTECT PRIVACY,Central Business District,0.0,0.0
Offence Against a Person,2026,1,2,0,0,OFFSET TO PROTECT PRIVACY,Central Business District,0.0,0.0
Offence Against a Person,2026,1,5,0,0,OFFSET TO PROTECT PRIVACY,Strathcona,0.0,0.0
Offence Against a Person,2026,1,4,0,0,OFFSET TO PROTECT PRIVACY,Central Business District,0.0,0.0
Offence Against a Person,2026,1,7,0,0,OFFSET TO PROTECT PRIVACY,Strathcona,0.0,0.0
Offence Against a Person,2026,1,7,0,0,OFFSET TO PROTECT PRIVACY,Central Business District,0.0,0.0
Offence Against a Person,2026,1,7,0,0,OFFSET TO PROTECT PRIVACY,Central Business District,0.0,0.0
Offence Against a Person,2026,1,2,0,0,OFFSET TO PROTECT PRIVACY,Strathcona,0.0,0.0
Offence Against a Person,2026,1,5,0,0,OFFSET TO PROTECT PRIVACY,Strathcona,0.0,0.0
Offence Against a Person,2026,1,3,0,0,OFFSET TO PROTECT PRIVACY,Strathcona,0.0,0.0
Offence Against a Person,2026,1,5,0,0,OFFSET TO PROTECT PRIVACY,Strathcona,0.0,0.0
Offence Against a Person,2026,1,8,0,0,OFFSET TO PROTECT PRIVACY,Central Business District,0.0,0.0
Offence Against a Person,2026,1,8,0,0,OFFSET TO PROTECT PRIVACY,Strathcona,0.0,0.0
Offence Against a Person,2026,1,5,0,0,OFFSET TO PROTECT PRIVACY,Strathcona,0.0,0.0
Offence Against a Person,2026,1,6,0,0,OFFSET TO PROTECT PRIVACY,Strathcona,0.0,0.0
Offence Against a Person,2026,1,8,0,0,OFFSET TO PROTECT PRIVACY,Strathcona,0.0,0.0
Offence Against a Person,2026,1,1,0,0,OFFSET TO PROTECT PRIVACY,Grandview-Woodland,0.0,0.0
Offence Against a Person,2026,1,1,0,0,OFFSET TO PROTECT PRIVACY,Hastings-Sunrise,0.0,0.0
Offence Against a Person,2026,1,1,0,0,OFFSET TO PROTECT PRIVACY,Strathcona,0.0,0.0
Offence Against a Person,2026,1,9,0,0,OFFSET TO PROTECT PRIVACY,Grandview-Woodland,0.0,0.0
Offence Against a Person,2026,1,8,0,0,OFFSET TO PROTECT PRIVACY,Grandview-Woodland,0.0,0.0
Offence Against a Person,2026,1,2,0,0,OFFSET TO PROTECT PRIVACY,Sunset,0.0,0.0
Offence Against a Person,2026,1,3,0,0,OFFSET TO PROTECT PRIVACY,Kensington-Cedar Cottage,0.0,0.0
Offence Against a Person,2026,1,6,0,0,OFFSET TO PROTECT PRIVACY,Grandview-Woodland,0.0,0.0
Offence Against a Person,2026,1,5,0,0,OFFSET TO PROTECT PRIVACY,Grandview-Woodland,0.0,0.0
Offence Against a Person,2026,1,7,0,0,OFFSET TO PROTECT PRIVACY,Renfrew-Collingwood,0.0,0.0
Offence Against a Person,2026,1,6,0,0,OFFSET TO PROTECT PRIVACY,Shaughnessy,0.0,0.0
Offence Against a Person,2026,1,3,0,0,OFFSET TO PROTECT PRIVACY,Fairview,0.0,0.0
Offence Against a Person,2026,1,5,0,0,OFFSET TO PROTECT PRIVACY,Renfrew-Collingwood,0.0,0.0
Offence Against a Person,2026,1,5,0,0,OFFSET TO PROTECT PRIVACY,Kensington-Cedar Cottage,0.0,0.0
Offence Against a Person,2026,1,4,0,0,OFFSET TO PROTECT PRIVACY,Kitsilano,0.0,0.0
Offence Against a Person,2026,1,4,0,0,OFFSET TO PROTECT PRIVACY,Kitsilano,0.0,0.0
Other Theft,2026,1,4,10,47,10XX E 13TH AVE,Mount Pleasant,494001.4287,5456230.1707
Other Theft,2026,1,4,16,30,10XX GRANVILLE ST,Central Business District,490996.1317,5458444.3653
Offence Against a Person,2026,1,1,0,0,OFFSET TO PROTECT PRIVACY,Musqueam,0.0,0.0
Offence Against a Person,2026,1,8,0,0,OFFSET TO PROTECT PRIVACY,Riley Park,0.0,0.0
Offence Against a Person,2026,1,7,0,0,OFFSET TO PROTECT PRIVACY,Marpole,0.0,0.0
Other Theft,2026,1,6,16,58,10XX ALBERNI ST,West End,491105.086,5459089.581
Other Theft,2026,1,7,16,18,10XX BURRARD ST,West End,490729.8291,5458622.3417
Offence Against a Person,2026,1,3,0,0,OFFSET TO PROTECT PRIVACY,Fairview,0.0,0.0
Other Theft,2026,1,2,20,10,10XX DENMAN ST,West End,489842.0669,5459563.5454
Other Theft,2026,1,2,20,15,10XX DENMAN ST,West End,489889.8808,5459598.2665
Other Theft,2026,1,7,19,34,10XX ALBERNI ST,West End,491016.9817,5459178.0577
Other Theft,2026,1,4,17,31,10XX ROBSON ST,West End,491045.5704,5458984.3631
Other Theft,2026,1,4,5,28,10XX GRANVILLE ST,Central Business District,491016.8336,5458478.6079
Other Theft,2026,1,5,12,57,11XX PACIFIC BLVD,Central Business District,491329.9235,5457967.6002
Other Theft,2026,1,8,19,49,11XX PACIFIC BLVD,Central Business District,491329.9235,5457967.6002
Other Theft,2026,1,1,20,57,12XX RICHARDS ST,Central Business District,490957.2624,5458122.1522
Other Theft,2026,1,4,0,0,12XX W 8TH AVE,Fairview,490338.3246,5456863.2309
Other Theft,2026,1,5,9,19,10XX W GEORGIA ST,Central Business District,491115.752,5459163.1779
Other Theft,2026,1,6,9,34,10XX W GEORGIA ST,Central Business District,491115.752,5459163.1779
Other Theft,2026,1,6,17,27,11XX ALBERNI ST,West End,490918.5751,5459261.0065
Other Theft,2026,1,3,20,49,11XX ALBERNI ST,West End,490951.5114,5459241.8337
Other Theft,2026,1,4,16,30,13XX BURRARD ST,Central Business District,490465.2887,5458344.3634
Other Theft,2026,1,2,12,30,11XX CARDERO ST,West End,489942.1379,5459205.4781
Other Theft,2026,1,5,6,10,11XX DAVIE ST,West End,490305.8989,5458781.042
Other Theft,2026,1,6,9,19,11XX DAVIE ST,West End,490305.8989,5458781.042
Other Theft,2026,1,7,15,30,12XX BURRARD ST,Central Business District,490565.7987,5458443.9391
Other Theft,2026,1,4,5,3,12XX FRANKLIN ST,Strathcona,494249.5237,5458844.9761
Other Theft,2026,1,2,14,44,12XX GRANVILLE ST,Central Business District,490713.5555,5458170.1883
Other Theft,2026,1,7,18,35,12XX GRANVILLE ST,Central Business District,490713.5555,5458170.1883
Other Theft,2026,1,2,12,27,10XX W BROADWAY AVE,Fairview,490670.584,5456744.2403
Other Theft,2026,1,2,17,32,11XX W GEORGIA ST,Central Business District,490917.5525,5459358.8318
Other Theft,2026,1,2,22,20,11XX W PENDER ST,Central Business District,491040.1606,5459519.3469
Other Theft,2026,1,2,13,40,14XX E HASTINGS ST,Grandview-Woodland,494561.0742,5458727.4506
Other Theft,2026,1,2,15,35,14XX E HASTINGS ST,Grandview-Woodland,494561.0742,5458727.4506
Other Theft,2026,1,2,16,18,14XX E HASTINGS ST,Grandview-Woodland,494561.0742,5458727.4506
Other Theft,2026,1,2,19,10,14XX E HASTINGS ST,Grandview-Woodland,494561.0742,5458727.4506
Other Theft,2026,1,8,13,19,14XX E HASTINGS ST,Grandview-Woodland,494561.0742,5458727.4506
Other Theft,2026,1,3,3,11,14XX HORNBY ST,Central Business District,490437.6223,5458177.9092
Other Theft,2026,1,5,13,38,14XX PENDRELL ST,West End,490162.2563,5459090.3622
Other Theft,2026,1,7,9,7,12XX W BROADWAY AVE,Fairview,490364.6186,5456761.5373
Other Theft,2026,1,1,2,0,12XX GRANVILLE ST,Central Business District,490818.867,5458265.0884
Other Theft,2026,1,2,20,20,12XX HAMILTON ST,Central Business District,491059.4872,5458008.4745
Other Theft,2026,1,2,13,40,12XX HOWE ST,Central Business District,490731.1014,5458322.3284
Other Theft,2026,1,2,12,30,12XX HOWE ST,Central Business District,490732.7599,5458323.9894
Other Theft,2026,1,5,12,59,12XX KINGSWAY AVE,Kensington-Cedar Cottage,494237.819,5455436.3922
Other Theft,2026,1,3,15,7,16XX SALT ST,Mount Pleasant,492288.3814,5457616.3293
Other Theft,2026,1,8,20,33,17XX ALBERNI ST,West End,490304.1363,5459864.2507
Other Theft,2026,1,3,10,20,14XX CONTINENTAL ST,Central Business District,490514.9538,5458054.5745
Other Theft,2026,1,7,14,11,16XX DAVIE ST,West End,489849.7329,5459244.6534
Other Theft,2026,1,4,19,58,16XX DAVIE ST,West End,489854.175,5459227.2991
Other Theft,2026,1,6,18,0,15XX SE MARINE DR,Victoria-Fraserview,494483.262,5450912.7441
Other Theft,2026,1,7,12,15,16XX ROBSON ST,West End,490361.0873,5459651.4651
Other Theft,2026,1,2,21,0,17XX E BROADWAY AVE,Kensington-Cedar Cottage,495037.2061,5456613.9743
Other Theft,2026,1,3,12,32,17XX E BROADWAY AVE,Kensington-Cedar Cottage,495037.2061,5456613.9743
Other Theft,2026,1,3,20,20,17XX E BROADWAY AVE,Kensington-Cedar Cottage,495037.2061,5456613.9743
Other Theft,2026,1,4,9,42,17XX E BROADWAY AVE,Kensington-Cedar Cottage,495037.2061,5456613.9743
Other Theft,2026,1,7,22,54,17XX E BROADWAY AVE,Kensington-Cedar Cottage,495037.2061,5456613.9743
Other Theft,2026,1,8,20,19,17XX E BROADWAY AVE,Kensington-Cedar Cottage,495037.2061,5456613.9743
Other Theft,2026,1,7,9,13,1XX KEEFER PL,Central Business District,492123.7934,5458571.8474
Other Theft,2026,1,2,22,51,17XX ROBSON ST,West End,490185.5494,5459825.784
Other Theft,2026,1,5,9,25,17XX ROBSON ST,West End,490185.5494,5459825.784
Other Theft,2026,1,7,17,45,17XX ROBSON ST,West End,490185.5494,5459825.784
Other Theft,2026,1,7,20,39,17XX ROBSON ST,West End,490185.5494,5459825.784
Other Theft,2026,1,7,17,56,1XX WALTER HARDWICK AVE,Mount Pleasant,492192.1174,5457576.8386
Other Theft,2026,1,4,11,2,1X W BROADWAY AVE,Mount Pleasant,492338.2483,5456696.1302
Other Theft,2026,1,6,18,36,1X W BROADWAY AVE,Mount Pleasant,492338.2483,5456696.1302
Other Theft,2026,1,2,15,37,1XX CARRALL ST,Central Business District,492413.6644,5458979.8195
Other Theft,2026,1,4,20,42,1XX DAVIE ST,Central Business District,491208.5329,5457902.3126
Other Theft,2026,1,8,18,0,1XX E 11TH AVE,Mount Pleasant,492509.3358,5456486.7638
Other Theft,2026,1,6,17,26,1XX E 16TH AVE,Riley Park,492561.5885,5455981.0675
Other Theft,2026,1,2,14,13,1XX E 20TH AVE,Riley Park,492647.8897,5455558.4421
Other Theft,2026,1,6,7,0,1XX E CORDOVA ST,Central Business District,492606.1449,5458851.795
Other Theft,2026,1,6,16,7,1XX E GEORGIA ST,Central Business District,492742.3504,5458433.1357
Other Theft,2026,1,5,6,7,19XX CORNWALL AVE,Kitsilano,489080.432,5457765.7546
Other Theft,2026,1,5,15,3,20XX ALMA ST,West Point Grey,486484.4547,5457256.7299
Other Theft,2026,1,8,8,58,20XX ALMA ST,West Point Grey,486484.4547,5457256.7299
Other Theft,2026,1,1,15,25,20XX E HASTINGS ST,Grandview-Woodland,495406.0556,5458721.26
Other Theft,2026,1,6,9,20,1XX KEEFER PL,Central Business District,492124.9427,5458571.5852
Other Theft,2026,1,6,14,23,21XX W 4TH AVE,Kitsilano,488877.3586,5457277.7733
Other Theft,2026,1,4,15,36,1XX W BROADWAY AVE,Mount Pleasant,492136.5513,5456712.2622
Other Theft,2026,1,6,14,14,22XX E 3RD AVE,Grandview-Woodland,495645.0267,5457214.0584
Other Theft,2026,1,8,17,11,23XX CAMBIE ST,Fairview,491637.2119,5456826.5706
Other Theft,2026,1,7,12,39,20XX W BROADWAY AVE,Kitsilano,488897.4913,5456790.2249
Other Theft,2026,1,8,16,38,20XX W BROADWAY AVE,Kitsilano,488897.4913,5456790.2249
Other Theft,2026,1,1,15,27,23XX CAMBIE ST,Mount Pleasant,491656.4223,5456901.5522
Other Theft,2026,1,7,17,39,23XX CAMBIE ST,Mount Pleasant,491656.4223,5456901.5522
Other Theft,2026,1,7,21,18,23XX CAMBIE ST,Mount Pleasant,491656.4223,5456901.5522
Other Theft,2026,1,8,17,16,23XX CAMBIE ST,Mount Pleasant,491656.4223,5456901.5522
Other Theft,2026,1,4,17,59,23XX E HASTINGS ST,Grandview-Woodland,495801.5476,5458709.9704
Other Theft,2026,1,6,9,14,23XX ETON ST,Grandview-Woodland,495828.8296,5459414.877
Other Theft,2026,1,2,16,53,22XX W 4TH AVE,Kitsilano,488572.6386,5457285.2692
Other Theft,2026,1,4,17,41,22XX W BROADWAY AVE,Kitsilano,488645.5773,5456797.1959
Other Theft,2026,1,4,9,30,26XX CRANBERRY DR,Kitsilano,488808.5256,5456631.1903
Other Theft,2026,1,4,12,35,23XX W BROADWAY AVE,Kitsilano,488475.8049,5456801.8982
Other Theft,2026,1,6,13,2,28XX BENTALL ST,Renfrew-Collingwood,497676.2065,5456229.2665
Other Theft,2026,1,6,9,56,27XX E HASTINGS ST,Hastings-Sunrise,496507.3157,5458707.9676
Other Theft,2026,1,6,23,10,27XX E HASTINGS ST,Hastings-Sunrise,496507.3157,5458707.9676
Other Theft,2026,1,7,8,45,27XX E HASTINGS ST,Hastings-Sunrise,496507.3157,5458707.9676
Other Theft,2026,1,7,20,35,27XX SOPHIA ST,Mount Pleasant,492843.2228,5456411.9145
Other Theft,2026,1,1,10,7,23XX CAMBIE ST,Mount Pleasant,491655.4669,5456828.535
Other Theft,2026,1,3,15,30,23XX CAMBIE ST,Mount Pleasant,491655.4669,5456828.535
Other Theft,2026,1,4,13,43,23XX CAMBIE ST,Mount Pleasant,491655.4669,5456828.535
Other Theft,2026,1,6,11,0,28XX FRANKLIN ST,Hastings-Sunrise,496780.4749,5458807.9732
Other Theft,2026,1,4,17,50,28XX W 37TH AVE,Arbutus Ridge,487660.3845,5453990.7483
Other Theft,2026,1,2,11,56,26XX E 24TH AVE,Renfrew-Collingwood,496358.6755,5455111.5855
Other Theft,2026,1,5,14,10,26XX MAIN ST,Mount Pleasant,492656.1643,5456585.2152
Other Theft,2026,1,2,23,0,2XX CARRALL ST,Central Business District,492424.2023,5458954.0765
Other Theft,2026,1,3,8,51,2XX CENTRAL ST,Strathcona,492760.1307,5457631.8814
Other Theft,2026,1,2,22,27,25XX E BROADWAY AVE,Hastings-Sunrise,496032.5121,5456589.6063
Other Theft,2026,1,6,13,7,29XX TRINITY ST,Hastings-Sunrise,496816.987,5459657.3163
Other Theft,2026,1,7,10,17,29XX W BROADWAY AVE,Kitsilano,487591.0884,5456834.5947
Other Theft,2026,1,5,13,0,2XX GRANVILLE ST,Central Business District,491833.5672,5459286.8751
Other Theft,2026,1,1,14,18,2XX ROBSON ST,Central Business District,491566.7732,5458453.5939
Other Theft,2026,1,1,2,0,2XX ROBSON ST,Central Business District,491591.8671,5458429.0829
Other Theft,2026,1,5,13,23,28XX BENTALL ST,Renfrew-Collingwood,497676.5083,5456180.5258
Other Theft,2026,1,7,21,49,30XX E 2ND AVE,Hastings-Sunrise,497096.1821,5457306.63
Other Theft,2026,1,3,23,0,30XX KINGS AVE,Renfrew-Collingwood,497012.7236,5454444.5882
Other Theft,2026,1,6,18,0,30XX W BROADWAY AVE,Kitsilano,487431.0636,5456840.0147
Other Theft,2026,1,5,18,0,33XX KINGSWAY AVE,Renfrew-Collingwood,497470.3389,5453412.8775
Other Theft,2026,1,4,12,11,39XX KNIGHT ST,Kensington-Cedar Cottage,494454.1749,5455210.3601
Other Theft,2026,1,4,20,49,32XX CAMBIE ST,South Cambie,491620.0627,5455935.9892
Other Theft,2026,1,4,12,48,3XX ABBOTT ST,Central Business District,492213.8723,5458862.6471
Other Theft,2026,1,7,11,35,3XX ABBOTT ST,Central Business District,492213.8723,5458862.6471
Other Theft,2026,1,1,11,15,31XX GRANDVIEW HWY,Renfrew-Collingwood,497308.7697,5456155.9233
Other Theft,2026,1,1,13,2,31XX GRANDVIEW HWY,Renfrew-Collingwood,497308.7697,5456155.9233
Other Theft,2026,1,1,16,11,31XX GRANDVIEW HWY,Renfrew-Collingwood,497308.7697,5456155.9233
Other Theft,2026,1,2,23,19,31XX GRANDVIEW HWY,Renfrew-Collingwood,497308.7697,5456155.9233
Other Theft,2026,1,3,15,49,31XX GRANDVIEW HWY,Renfrew-Collingwood,497308.7697,5456155.9233
Other Theft,2026,1,3,17,27,31XX GRANDVIEW HWY,Renfrew-Collingwood,497308.7697,5456155.9233
Other Theft,2026,1,3,18,7,31XX GRANDVIEW HWY,Renfrew-Collingwood,497308.7697,5456155.9233
Other Theft,2026,1,3,19,20,31XX GRANDVIEW HWY,Renfrew-Collingwood,497308.7697,5456155.9233
Other Theft,2026,1,4,11,20,31XX GRANDVIEW HWY,Renfrew-Collingwood,497308.7697,5456155.9233
Other Theft,2026,1,4,13,46,31XX GRANDVIEW HWY,Renfrew-Collingwood,497308.7697,5456155.9233
Other Theft,2026,1,4,18,28,31XX GRANDVIEW HWY,Renfrew-Collingwood,497308.7697,5456155.9233
Other Theft,2026,1,5,21,9,31XX GRANDVIEW HWY,Renfrew-Collingwood,497308.7697,5456155.9233
Other Theft,2026,1,6,9,18,31XX GRANDVIEW HWY,Renfrew-Collingwood,497308.7697,5456155.9233
Other Theft,2026,1,6,21,53,31XX GRANDVIEW HWY,Renfrew-Collingwood,497308.7697,5456155.9233
Other Theft,2026,1,7,10,38,31XX GRANDVIEW HWY,Renfrew-Collingwood,497308.7697,5456155.9233
Other Theft,2026,1,7,15,55,31XX GRANDVIEW HWY,Renfrew-Collingwood,497308.7697,5456155.9233
Other Theft,2026,1,7,17,58,31XX GRANDVIEW HWY,Renfrew-Collingwood,497308.7697,5456155.9233
Other Theft,2026,1,7,21,53,31XX GRANDVIEW HWY,Renfrew-Collingwood,497308.7697,5456155.9233
Other Theft,2026,1,8,21,27,35XX GRANDVIEW HWY,Renfrew-Collingwood,498072.7748,5456160.7021
Other Theft,2026,1,3,9,0,3XX ABBOTT ST,Central Business District,492218.7053,5458879.6576
Other Theft,2026,1,3,11,40,3XX ABBOTT ST,Central Business District,492218.7053,5458879.6576
Other Theft,2026,1,4,12,19,3XX ABBOTT ST,Central Business District,492218.7053,5458879.6576
Other Theft,2026,1,4,17,5,3XX ABBOTT ST,Central Business District,492218.7053,5458879.6576
Other Theft,2026,1,4,18,40,3XX ABBOTT ST,Central Business District,492218.7053,5458879.6576
Other Theft,2026,1,5,12,55,3XX ABBOTT ST,Central Business District,492218.7053,5458879.6576
Other Theft,2026,1,5,13,22,3XX ABBOTT ST,Central Business District,492218.7053,5458879.6576
Other Theft,2026,1,5,14,45,3XX ABBOTT ST,Central Business District,492218.7053,5458879.6576
Other Theft,2026,1,6,12,22,3XX ABBOTT ST,Central Business District,492218.7053,5458879.6576
Other Theft,2026,1,6,15,33,3XX ABBOTT ST,Central Business District,492218.7053,5458879.6576
Other Theft,2026,1,6,18,49,3XX ABBOTT ST,Central Business District,492218.7053,5458879.6576
Other Theft,2026,1,7,8,13,3XX ABBOTT ST,Central Business District,492218.7053,5458879.6576
Other Theft,2026,1,8,18,9,3XX ABBOTT ST,Central Business District,492218.7053,5458879.6576
Other Theft,2026,1,4,9,5,3XX ALEXANDER ST,Strathcona,492972.0127,5459032.2628
Other Theft,2026,1,5,14,8,37XX MAIN ST,Riley Park,492656.7329,5455390.675
Other Theft,2026,1,3,18,7,3XX E BROADWAY AVE,Mount Pleasant,492933.9023,5456669.3903
Other Theft,2026,1,5,15,12,3XX E BROADWAY AVE,Mount Pleasant,492933.9023,5456669.3903
Other Theft,2026,1,6,17,30,3XX E BROADWAY AVE,Mount Pleasant,492933.9023,5456669.3903
Other Theft,2026,1,7,12,29,3XX E BROADWAY AVE,Mount Pleasant,492933.9023,5456669.3903
Other Theft,2026,1,8,12,43,3XX E BROADWAY AVE,Mount Pleasant,492933.9023,5456669.3903
Other Theft,2026,1,7,15,44,3XX W 12TH AVE,Mount Pleasant,491870.2997,5456402.0367
Other Theft,2026,1,2,17,31,3XX SE MARINE DR,Sunset,492774.2685,5450882.5763
Other Theft,2026,1,4,10,59,3XX SE MARINE DR,Sunset,492774.2685,5450882.5763
Other Theft,2026,1,5,11,38,3XX SE MARINE DR,Sunset,492774.2685,5450882.5763
Other Theft,2026,1,5,12,22,3XX SE MARINE DR,Sunset,492774.2685,5450882.5763
Other Theft,2026,1,5,16,51,3XX SE MARINE DR,Sunset,492774.2685,5450882.5763
Other Theft,2026,1,5,11,54,45XX FRASER ST,Kensington-Cedar Cottage,493433.7494,5454633.3003
Other Theft,2026,1,1,2,0,45XX WELWYN ST,Kensington-Cedar Cottage,494908.7719,5454637.0782
Other Theft,2026,1,7,11,29,3XX E 10TH AVE,Mount Pleasant,492826.6301,5456578.8254
Other Theft,2026,1,6,7,52,3XX ROBSON ST,Central Business District,491553.4976,5458467.2063
Other Theft,2026,1,8,12,53,3XX ROBSON ST,Central Business District,491553.4976,5458467.2063
Other Theft,2026,1,1,15,1,43XX GLADSTONE ST,Kensington-Cedar Cottage,495607.1335,5454852.514
Other Theft,2026,1,6,13,33,4XX SW MARINE DR,Marpole,491549.9513,5450858.2549
Other Theft,2026,1,8,13,42,4XX SW MARINE DR,Marpole,491549.9513,5450858.2549
Other Theft,2026,1,5,18,15,4XX AUBREY PL,Riley Park,493055.7288,5454622.3104
Other Theft,2026,1,1,1,0,4XX E 55TH AVE,Sunset,493000.0158,5451917.5341
Other Theft,2026,1,7,0,0,57XX KERR ST,Killarney,497066.0273,5453232.8913
Other Theft,2026,1,8,22,20,4XX W GEORGIA ST,Central Business District,491609.7069,5458657.9937
Other Theft,2026,1,5,23,41,51XX JOYCE ST,Renfrew-Collingwood,497666.3586,5453908.8168
Other Theft,2026,1,8,17,27,55XX CAMBIE ST,South Cambie,491528.032,5453574.1706
Other Theft,2026,1,6,20,0,4XX INTERURBAN WAY,Marpole,491510.4969,5450706.2995
Other Theft,2026,1,1,16,30,5X E 2ND AVE,Mount Pleasant,492458.8502,5457400.3718
Other Theft,2026,1,5,9,1,5X E CORDOVA ST,Central Business District,492497.5369,5458844.4634
Other Theft,2026,1,7,20,45,5XX ABBOTT ST,Central Business District,492169.9037,5458666.2204
Other Theft,2026,1,2,11,58,5XX SEYMOUR ST,Central Business District,491656.1246,5458976.4335
Other Theft,2026,1,1,2,30,65XX RALEIGH ST,Killarney,496563.7681,5452356.2624
Other Theft,2026,1,7,12,30,6X E 64TH AVE,Sunset,492368.7022,5451073.5821
Other Theft,2026,1,4,12,6,5XX W HASTINGS ST,Central Business District,491827.083,5459079.5453
Other Theft,2026,1,4,17,38,5XX W HASTINGS ST,Central Business District,491827.083,5459079.5453
Other Theft,2026,1,5,11,27,5XX W HASTINGS ST,Central Business District,491827.083,5459079.5453
Other Theft,2026,1,5,13,36,5XX W HASTINGS ST,Central Business District,491827.083,5459079.5453
Other Theft,2026,1,5,15,43,5XX W HASTINGS ST,Central Business District,491827.083,5459079.5453
Other Theft,2026,1,5,18,39,5XX W HASTINGS ST,Central Business District,491827.083,5459079.5453
Other Theft,2026,1,2,17,8,61XX FRASER ST,Sunset,493394.0313,5452850.8157
Other Theft,2026,1,4,21,0,64XX VICTORIA DR,Victoria-Fraserview,495211.5413,5452622.3141
Other Theft,2026,1,4,16,0,5XX W 12TH AVE,Fairview,491526.3604,5456417.3795
Other Theft,2026,1,2,21,54,5XX W 17TH AVE,South Cambie,491455.7382,5455932.1147
Other Theft,2026,1,2,8,12,5XX W 28TH AVE,South Cambie,491430.9963,5454821.5861
Other Theft,2026,1,1,21,58,5XX W BROADWAY AVE,Fairview,491520.3612,5456720.9405
Other Theft,2026,1,7,16,12,6XX BURRARD ST,Central Business District,491279.2096,5459177.4159
Other Theft,2026,1,3,14,30,6XX E 60TH AVE,Sunset,493295.0575,5451430.0331
Other Theft,2026,1,2,12,16,6XX E CORDOVA ST,Strathcona,493403.8914,5458827.0915
Other Theft,2026,1,6,23,40,6XX E HASTINGS ST,Strathcona,493481.3481,5458711.7064
Other Theft,2026,1,2,17,56,5XX W BROADWAY AVE,Fairview,491587.4934,5456728.3024
Other Theft,2026,1,5,13,26,7XX DUNSMUIR ST,Central Business District,491511.6366,5459023.6766
Other Theft,2026,1,8,13,50,7XX DUNSMUIR ST,Central Business District,491511.6366,5459023.6766
Other Theft,2026,1,8,18,0,7XX DUNSMUIR ST,Central Business District,491511.6366,5459023.6766
Other Theft,2026,1,1,15,55,6XX GRANVILLE ST,Central Business District,491461.7184,5458912.3288
Other Theft,2026,1,6,13,15,6XX GRANVILLE ST,Central Business District,491461.7184,5458912.3288
Other Theft,2026,1,6,19,55,6XX GRANVILLE ST,Central Business District,491461.7184,5458912.3288
Other Theft,2026,1,1,14,46,7XX GRANVILLE ST,Central Business District,491394.1166,5458844.2562
Other Theft,2026,1,4,10,27,7XX GRANVILLE ST,Central Business District,491394.1166,5458844.2562
Other Theft,2026,1,4,13,27,7XX GRANVILLE ST,Central Business District,491394.1166,5458844.2562
Other Theft,2026,1,5,8,42,7XX GRANVILLE ST,Central Business District,491394.1166,5458844.2562
Other Theft,2026,1,7,11,28,7XX GRANVILLE ST,Central Business District,491394.1166,5458844.2562
Other Theft,2026,1,8,11,28,7XX GRANVILLE ST,Central Business District,491394.1166,5458844.2562
Other Theft,2026,1,3,20,35,6XX HOMER ST,Central Business District,491676.3933,5458702.8347
Other Theft,2026,1,6,20,17,7XX BUTE ST,West End,490797.659,5459282.3112
Other Theft,2026,1,8,19,20,7XX BUTE ST,West End,490797.659,5459282.3112
Other Theft,2026,1,3,10,48,7XX DUNSMUIR ST,Central Business District,491485.3891,5459049.9518
Other Theft,2026,1,1,20,53,6XX SEYMOUR ST,Central Business District,491583.6154,5458890.2439
Other Theft,2026,1,4,4,0,6XX SMITHE ST,Central Business District,491178.1354,5458625.0593
Other Theft,2026,1,4,0,56,74XX PAULSON ST,Marpole,491359.291,5451679.523
Other Theft,2026,1,8,15,49,7XX GRANVILLE ST,Central Business District,491295.2384,5458744.7745
Other Theft,2026,1,2,11,2,7XX GRANVILLE ST,Central Business District,491311.5684,5458761.2037
Other Theft,2026,1,1,15,57,7XX W GEORGIA ST,Central Business District,491407.7443,5458871.8391
Other Theft,2026,1,1,16,25,7XX W GEORGIA ST,Central Business District,491407.7443,5458871.8391
Other Theft,2026,1,1,17,58,7XX W GEORGIA ST,Central Business District,491407.7443,5458871.8391
Other Theft,2026,1,2,11,59,7XX W GEORGIA ST,Central Business District,491407.7443,5458871.8391
Other Theft,2026,1,2,15,48,7XX W GEORGIA ST,Central Business District,491407.7443,5458871.8391
Other Theft,2026,1,2,18,50,7XX W GEORGIA ST,Central Business District,491407.7443,5458871.8391
Other Theft,2026,1,3,16,5,7XX W GEORGIA ST,Central Business District,491407.7443,5458871.8391
Other Theft,2026,1,3,16,35,7XX W GEORGIA ST,Central Business District,491407.7443,5458871.8391
Other Theft,2026,1,4,16,5,7XX W GEORGIA ST,Central Business District,491407.7443,5458871.8391
Other Theft,2026,1,4,17,7,7XX W GEORGIA ST,Central Business District,491407.7443,5458871.8391
Other Theft,2026,1,5,13,36,7XX W GEORGIA ST,Central Business District,491407.7443,5458871.8391
Other Theft,2026,1,6,13,0,7XX W GEORGIA ST,Central Business District,491407.7443,5458871.8391
Other Theft,2026,1,6,13,4,7XX W GEORGIA ST,Central Business District,491407.7443,5458871.8391
Other Theft,2026,1,6,13,36,7XX W GEORGIA ST,Central Business District,491407.7443,5458871.8391
Other Theft,2026,1,6,13,54,7XX W GEORGIA ST,Central Business District,491407.7443,5458871.8391
Other Theft,2026,1,7,7,34,7XX W GEORGIA ST,Central Business District,491407.7443,5458871.8391
Other Theft,2026,1,7,14,47,7XX W GEORGIA ST,Central Business District,491407.7443,5458871.8391
Other Theft,2026,1,7,16,5,7XX W GEORGIA ST,Central Business District,491407.7443,5458871.8391
Other Theft,2026,1,8,10,22,7XX W GEORGIA ST,Central Business District,491407.7443,5458871.8391
Other Theft,2026,1,8,12,14,7XX W GEORGIA ST,Central Business District,491407.7443,5458871.8391
Other Theft,2026,1,8,20,9,7XX W GEORGIA ST,Central Business District,491407.7443,5458871.8391
Other Theft,2026,1,3,19,39,7XX RICHARDS ST,Central Business District,491454.6934,5458635.773
Other Theft,2026,1,7,11,33,81XX ONTARIO ST,Marpole,492228.2561,5450914.8531
Other Theft,2026,1,7,13,57,81XX ONTARIO ST,Marpole,492228.2561,5450914.8531
Other Theft,2026,1,5,14,0,7XX W HASTINGS ST,Central Business District,491713.7958,5459180.0895
Other Theft,2026,1,2,9,30,7XX W PENDER ST,Central Business District,491641.0327,5459106.5195
Other Theft,2026,1,6,22,30,7XX W 6TH AVE,Fairview,491230.9898,5457014.2969
Other Theft,2026,1,2,12,8,8X W PENDER ST,Central Business District,492208.5573,5458692.9973
Other Theft,2026,1,6,10,30,8XX DUNSMUIR ST,Central Business District,491405.8625,5459128.2315
Other Theft,2026,1,2,14,29,7XX ROBSON ST,Central Business District,491273.4999,5458747.5265
Other Theft,2026,1,6,12,7,7XX ROBSON ST,Central Business District,491273.4999,5458747.5265
Other Theft,2026,1,7,18,49,7XX ROBSON ST,Central Business District,491273.4999,5458747.5265
Other Theft,2026,1,5,17,17,84XX GRANVILLE ST,Marpole,489762.8292,5450782.7152
Other Theft,2026,1,6,13,30,9XX HORNBY ST,Central Business District,490921.1328,5458667.4089
Other Theft,2026,1,3,18,11,9XX TERMINAL AVE,Strathcona,493906.4997,5457452.474
Other Theft,2026,1,5,7,20,9XX TERMINAL AVE,Strathcona,493906.4997,5457452.474
Other Theft,2026,1,1,21,9,9XX W KING EDWARD AVE,South Cambie,490745.2938,5455154.4849
Other Theft,2026,1,2,11,25,9XX W KING EDWARD AVE,South Cambie,490745.2938,5455154.4849
Other Theft,2026,1,4,13,17,9XX W KING EDWARD AVE,South Cambie,490745.2938,5455154.4849
Other Theft,2026,1,7,15,30,9XX W KING EDWARD AVE,South Cambie,490745.2938,5455154.4849
Other Theft,2026,1,5,11,16,ABBOTT ST / W HASTINGS ST,Central Business District,492203.9203,5458810.8911
Other Theft,2026,1,6,17,30,COLLINGWOOD ST / W 16TH AVE,Kitsilano,486751.8497,5456148.9998
Other Theft,2026,1,5,17,0,COMOX ST / JERVIS ST,West End,490335.3934,5459055.8387
Other Theft,2026,1,5,9,43,8XX E 6TH AVE,Mount Pleasant,493667.932,5456946.1371
Other Theft,2026,1,2,14,0,9XX E 23RD AVE,Kensington-Cedar Cottage,493763.0936,5455251.9476
Other Theft,2026,1,3,6,34,GRANVILLE ST / HELMCKEN ST,Central Business District,490936.8716,5458390.3172
Other Theft,2026,1,3,14,20,9XX ROBSON ST,Central Business District,491089.0072,5458929.7433
Other Theft,2026,1,5,20,31,9XX ROBSON ST,Central Business District,491089.0072,5458929.7433
Other Theft,2026,1,6,16,15,9XX ROBSON ST,Central Business District,491089.0072,5458929.7433
Other Theft,2026,1,6,18,26,9XX ROBSON ST,Central Business District,491089.0072,5458929.7433
Other Theft,2026,1,6,18,51,9XX ROBSON ST,Central Business District,491089.0072,5458929.7433
Other Theft,2026,1,7,15,44,9XX ROBSON ST,Central Business District,491089.0072,5458929.7433
Other Theft,2026,1,7,18,22,9XX ROBSON ST,Central Business District,491089.0072,5458929.7433
Other Theft,2026,1,8,15,23,9XX ROBSON ST,Central Business District,491089.0072,5458929.7433
Other Theft,2026,1,8,20,25,9XX ROBSON ST,Central Business District,491089.0072,5458929.7433
Theft from Vehicle,2026,1,1,7,54,10XX CAMBIE ST,Central Business District,491411.8178,5458139.2099
Theft from Vehicle,2026,1,6,6,36,10XX CANADA PL,Central Business District,491493.3778,5459541.9474
Other Theft,2026,1,8,11,55,E PENDER ST / MAIN ST,Strathcona,492748.7551,5458629.982
Other Theft,2026,1,7,3,30,CAMBIE ST / W PENDER ST,Central Business District,491994.9503,5458762.165
Theft from Vehicle,2026,1,1,23,50,10XX RICHARDS ST,Central Business District,491127.0236,5458305.7226
Theft from Vehicle,2026,1,6,17,45,11XX HOWE ST,Central Business District,490860.4698,5458453.1418
Theft from Vehicle,2026,1,1,22,0,10XX HOWE ST,Central Business District,490922.686,5458529.7523
Theft from Vehicle,2026,1,5,10,16,11XX GRANVILLE ST,Central Business District,490857.0083,5458316.5131
Theft from Vehicle,2026,1,2,4,48,12XX GRANVILLE ST,Central Business District,490791.3065,5458249.9225
Theft from Vehicle,2026,1,8,10,51,10XX DAVIE ST,West End,490531.2532,5458553.7875
Theft from Vehicle,2026,1,9,0,0,12XX ALBERNI ST,West End,490834.0469,5459342.8923
Theft from Vehicle,2026,1,6,15,24,11XX ROBSON ST,West End,490909.5334,5459106.0202
Theft from Vehicle,2026,1,2,12,0,11XX UNION ST,Strathcona,494088.8267,5458285.405
Theft from Vehicle,2026,1,7,19,4,14XX BURRARD ST,Central Business District,490290.355,5458175.4762
Theft from Vehicle,2026,1,2,12,0,17XX E 4TH AVE,Grandview-Woodland,494941.0847,5457154.3761
Theft from Vehicle,2026,1,5,11,31,17XX E PENDER ST,Grandview-Woodland,494919.3626,5458620.6769
Theft from Vehicle,2026,1,2,23,0,17XX E PENDER ST,Grandview-Woodland,494973.1152,5458619.7624
Theft from Vehicle,2026,1,5,21,31,17XX E PENDER ST,Grandview-Woodland,494973.1152,5458619.7624
Theft from Vehicle,2026,1,1,0,0,19XX RUPERT ST,Hastings-Sunrise,497559.5349,5457195.0026
Theft from Vehicle,2026,1,4,23,0,19XX SCOTIA ST,Mount Pleasant,492854.1081,5457215.1597
Theft from Vehicle,2026,1,3,9,48,1XX E 1ST AVE,Mount Pleasant,492541.5632,5457488.8007
Theft from Vehicle,2026,1,2,10,0,14XX QUEBEC ST,Mount Pleasant,492586.2532,5457734.6766
Theft from Vehicle,2026,1,5,18,12,17XX BARCLAY ST,West End,490029.675,5459673.6069
Theft from Vehicle,2026,1,2,22,0,18XX W 8TH AVE,Kitsilano,489350.6976,5456890.9764
Theft from Vehicle,2026,1,5,2,0,19XX BARCLAY ST,West End,489821.7922,5459878.95
Theft from Vehicle,2026,1,3,16,0,1XX PRIOR ST,Central Business District,492573.1858,5458227.7258
Theft from Vehicle,2026,1,5,22,0,1XX DAVIE ST,Central Business District,491229.7174,5457853.2969
Theft from Vehicle,2026,1,3,11,0,1XX W PENDER ST,Central Business District,492073.212,5458730.2581
Theft from Vehicle,2026,1,8,18,40,21XX W 4TH AVE,Kitsilano,488848.8851,5457278.4819
Theft from Vehicle,2026,1,5,15,30,25XX E PENDER ST,Hastings-Sunrise,496039.0461,5458605.4203
Theft from Vehicle,2026,1,4,18,0,1XX W GEORGIA ST,Central Business District,491773.9448,5458495.4985
Theft from Vehicle,2026,1,7,0,0,21XX E 39TH AVE,Kensington-Cedar Cottage,495446.6792,5453575.989
Theft from Vehicle,2026,1,6,7,57,25XX BALSAM ST,Kitsilano,488362.7619,5456807.9919
Theft from Vehicle,2026,1,5,22,21,1XX WATER ST,Central Business District,492251.0364,5459018.8895
Theft from Vehicle,2026,1,3,0,0,22XX VENABLES ST,Grandview-Woodland,495679.3569,5458210.9942
Theft from Vehicle,2026,1,3,11,0,26XX E 49TH AVE,Victoria-Fraserview,496041.1775,5452452.4757
Theft from Vehicle,2026,1,5,16,0,24XX E 40TH AVE,Renfrew-Collingwood,495839.2677,5453451.3751
Theft from Vehicle,2026,1,7,11,15,2XX ROBSON ST,Central Business District,491616.7468,5458417.5634
Theft from Vehicle,2026,1,6,7,0,26XX WAVERLEY AVE,Victoria-Fraserview,496066.8465,5452669.8109
Theft from Vehicle,2026,1,5,16,56,2XX DUNLEVY AVE,Strathcona,493071.3689,5458927.8783
Theft from Vehicle,2026,1,7,23,0,2XX E 13TH AVE,Mount Pleasant,492644.3792,5456282.8537
Theft from Vehicle,2026,1,1,15,0,2XX E 6TH AVE,Mount Pleasant,492675.5212,5456971.3509
Theft from Vehicle,2026,1,4,20,0,34XX POINT GREY RD,Kitsilano,486841.2851,5457692.9796
Theft from Vehicle,2026,1,6,16,30,35XX GRANDVIEW HWY,Renfrew-Collingwood,497941.1825,5456148.6686
Theft from Vehicle,2026,1,5,11,49,45XX MAIN ST,Riley Park,492620.5226,5454600.2477
Theft from Vehicle,2026,1,3,22,0,28XX E 7TH AVE,Hastings-Sunrise,496685.9441,5456785.5185
Theft from Vehicle,2026,1,3,1,0,28XX VINE ST,Kitsilano,488528.184,5456493.3921
Theft from Vehicle,2026,1,7,16,53,3XX W HASTINGS ST,Central Business District,491997.1394,5458909.0189
Theft from Vehicle,2026,1,3,7,31,41XX LAUREL ST,South Cambie,490928.4599,5455153.8222
Theft from Vehicle,2026,1,4,1,0,4XX E 8TH AVE,Mount Pleasant,493145.4657,5456744.3113
Theft from Vehicle,2026,1,7,20,0,4XX SEYMOUR ST,Central Business District,491758.4392,5459079.5866
Theft from Vehicle,2026,1,1,14,30,3XX E BROADWAY AVE,Mount Pleasant,492933.9023,5456669.3903
Theft from Vehicle,2026,1,4,19,45,46XX W 11TH AVE,West Point Grey,484453.444,5456707.9677
Theft from Vehicle,2026,1,3,19,33,4XX SW MARINE DR,Marpole,491508.4193,5450861.155
Theft from Vehicle,2026,1,1,16,0,4XX SW MARINE DR,Marpole,491544.5752,5450855.017
Theft from Vehicle,2026,1,5,16,52,5X KEEFER PL,Central Business District,492248.5734,5458541.2202
Theft from Vehicle,2026,1,6,23,0,4XX E 20TH AVE,Riley Park,492979.1239,5455571.9071
Theft from Vehicle,2026,1,3,19,15,4XX WINDERMERE ST,Hastings-Sunrise,497372.7333,5458709.5628
Theft from Vehicle,2026,1,4,18,30,4XX HOWE ST,Central Business District,491647.0679,5459246.0825
Theft from Vehicle,2026,1,6,17,10,57XX KERR ST [IFO 5759 KERR ST],Killarney,497074.7136,5453345.0127
Theft from Vehicle,2026,1,3,15,0,5XX JACKSON AVE,Strathcona,493205.967,5458612.0403
Theft from Vehicle,2026,1,4,2,0,66XX LABURNUM ST,Kerrisdale,489012.3404,5452527.1176
Theft from Vehicle,2026,1,8,15,15,67XX ANGUS DR,Kerrisdale,489225.8244,5452463.7104
Theft from Vehicle,2026,1,6,0,0,69XX CHURCHILL ST,Kerrisdale,489669.6587,5452217.9612
Theft from Vehicle,2026,1,6,20,37,5XX HORNBY ST,Central Business District,491449.6765,5459186.2905
Theft from Vehicle,2026,1,3,23,50,62XX WILTSHIRE ST,Kerrisdale,489329.3343,5452954.7542
Theft from Vehicle,2026,1,5,18,3,5XX CAMPBELL AVE,Strathcona,493833.5578,5458581.9559
Theft from Vehicle,2026,1,7,22,43,5XX SEYMOUR ST,Central Business District,491656.0852,5458976.3939
Theft from Vehicle,2026,1,5,16,0,6XX RICHARDS ST,Central Business District,491603.5931,5458785.5604
Theft from Vehicle,2026,1,6,11,0,6XX RICHARDS ST,Central Business District,491603.5931,5458785.5604
Theft from Vehicle,2026,1,3,11,0,6XX E 22ND AVE,Riley Park,493373.2198,5455361.0029
Theft from Vehicle,2026,1,4,15,0,77XX YUKON ST,Marpole,491595.9327,5451344.687
Theft from Vehicle,2026,1,2,22,12,7XX W GEORGIA ST,Central Business District,491358.1925,5458920.7435
Theft from Vehicle,2026,1,8,23,28,80XX CHAMPLAIN CRES,Killarney,497839.2903,5451140.9333
Theft from Vehicle,2026,1,5,16,0,8XX HOWE ST,Central Business District,491189.6464,5458786.4097
Theft from Vehicle,2026,1,7,22,0,7XX SEMLIN DR,Grandview-Woodland,495372.9437,5458396.0063
Theft from Vehicle,2026,1,2,20,0,7XX THURLOW ST,West End,490940.0632,5459127.7684
Theft from Vehicle,2026,1,4,15,17,8XX E 19TH AVE,Kensington-Cedar Cottage,493634.5656,5455656.4069
Theft from Vehicle,2026,1,2,6,0,89XX HUDSON ST [PLOT 521],Marpole,490188.1667,5450131.4132
Theft from Vehicle,2026,1,3,22,0,89XX MONTCALM ST,Marpole,490070.5934,5450199.8147
Theft from Vehicle,2026,1,8,18,6,8XX SEYMOUR ST,Central Business District,491279.2865,5458581.7939
Theft from Vehicle,2026,1,5,7,20,BURRARD ST / W PENDER ST,Central Business District,491426.8767,5459318.3762
Theft from Vehicle,2026,1,6,16,0,9X W PENDER ST,Central Business District,492183.8782,5458709.2725
Theft from Vehicle,2026,1,6,8,0,9XX W CORDOVA ST,Central Business District,491637.4921,5459386.5836
Theft from Vehicle,2026,1,7,9,0,CAMPBELL AVE / E CORDOVA ST,Strathcona,493835.9168,5458809.8086
Theft from Vehicle,2026,1,4,1,56,9XX HOWE ST,Central Business District,491092.5991,5458690.3799
Theft from Vehicle,2026,1,6,19,0,9XX MAINLAND ST,Central Business District,491371.1736,5458249.1216
Theft from Vehicle,2026,1,8,9,49,DUNSMUIR ST / RICHARDS ST,Central Business District,491675.884,5458852.2984
Theft from Vehicle,2026,1,7,18,0,8XX HAMILTON ST,Central Business District,491524.3902,5458410.4003
Theft from Vehicle,2026,1,6,19,0,9XX HOMER ST,Central Business District,491351.2008,5458375.5192
Theft from Vehicle,2026,1,6,14,30,ASH ST / W BROADWAY AVE,Fairview,491449.6178,5456727.383
Theft from Vehicle,2026,1,4,16,56,BEATTY ST / DUNSMUIR ST,Central Business District,491960.3786,5458570.857
Theft from Vehicle,2026,1,4,22,30,GRANVILLE ST / HELMCKEN ST,Central Business District,490936.8721,5458390.3175
Theft from Vehicle,2026,1,1,17,0,FRANKLIN ST / VERNON DR,Strathcona,494245.2445,5458840.515
Theft from Vehicle,2026,1,4,8,0,ONTARIO ST / W 3RD AVE,Mount Pleasant,492384.1857,5457287.5212
Theft of Bicycle,2026,1,7,12,20,10XX BURRARD ST,West End,490729.8291,5458622.3417
Theft of Bicycle,2026,1,7,17,30,16XX SALT ST,Mount Pleasant,492287.1191,5457560.679
Theft of Bicycle,2026,1,7,7,45,5XX W HASTINGS ST,Central Business District,491852.3422,5459054.2329
Theft of Vehicle,2026,1,8,20,33,17XX ALBERNI ST,West End,490304.1363,5459864.2507
Theft of Vehicle,2026,1,9,2,44,17XX ALBERNI ST,West End,490304.1363,5459864.2507
Theft of Vehicle,2026,1,1,17,33,5XX LAKEWOOD DR,Grandview-Woodland,495515.85,5458609.0326
Theft of Vehicle,2026,1,5,13,31,56XX CHESTER ST,Kensington-Cedar Cottage,493506.2088,5453452.3552
Vehicle Collision or Pedestrian Struck (with Injury),2026,1,7,16,42,34XX BLOCK SE MARINE DR,Killarney,497687.0,5450601.0
Vehicle Collision or Pedestrian Struck (with Injury),2026,1,8,23,36,39XX BLOCK W 10TH AVE,West Point Grey,486078.0,5456776.0
Theft of Vehicle,2026,1,8,5,57,22XX E 46TH AVE,Victoria-Fraserview,495534.6835,5452856.5581
Theft of Vehicle,2026,1,7,22,30,3XX E 16TH AVE [IFO 326 E 16TH AVE],Riley Park,492841.1163,5455975.3297
Theft of Vehicle,2026,1,7,19,20,GRANVILLE ST / W HASTINGS ST,Central Business District,491720.698,5459179.6513
Theft of Vehicle,2026,1,9,0,15,NORTHERN ST / STATION ST,Strathcona,492867.1626,5457677.5273
Vehicle Collision or Pedestrian Struck (with Injury),2026,1,6,5,14,7XX BLOCK TERMINAL AVE,Strathcona,493560.0,5457560.0
Vehicle Collision or Pedestrian Struck (with Injury),2026,1,9,18,17,83XX BLOCK GRANVILLE ST,Marpole,489771.0,5450936.0
Theft of Vehicle,2026,1,4,17,0,30XX E 8TH AVE,Hastings-Sunrise,496982.1926,5456681.0624
Vehicle Collision or Pedestrian Struck (with Injury),2026,1,2,17,52,19XX BLOCK E 41ST AVE,Victoria-Fraserview,495153.0,5453310.0
Vehicle Collision or Pedestrian Struck (with Injury),2026,1,8,9,45,19XX W 45TH AVE,Kerrisdale,489092.0,5453122.0
Theft of Vehicle,2026,1,5,14,33,X W HASTINGS ST,Central Business District,492391.6827,5458762.5805
Vehicle Collision or Pedestrian Struck (with Injury),2026,1,8,20,5,12XX BLOCK SEYMOUR ST,Central Business District,490875.0,5458182.0
Vehicle Collision or Pedestrian Struck (with Injury),2026,1,8,5,48,E 41ST AVE / KNIGHT ST,Sunset,494389.0,5453321.0
Vehicle Collision or Pedestrian Struck (with Injury),2026,1,7,13,20,JACKSON AVE / KEEFER ST,Strathcona,493198.0,5458516.0
Vehicle Collision or Pedestrian Struck (with Injury),2026,1,6,8,33,COMMERCIAL DR / E 3RD AVE,Grandview-Woodland,494930.0,5457228.0
Vehicle Collision or Pedestrian Struck (with Injury),2026,1,9,17,9,POWELL ST / COMMERCIAL DR,Grandview-Woodland,494883.0,5459014.0
Vehicle Collision or Pedestrian Struck (with Injury),2026,1,6,6,38,PRINCESS AVE / E HASTINGS ST,Strathcona,493347.0,5458719.0
Vehicle Collision or Pedestrian Struck (with Injury),2026,1,6,6,13,MAIN ST / MILROSS AVE,Central Business District,492729.0,5458147.0
Vehicle Collision or Pedestrian Struck (with Injury),2026,1,6,6,48,NELSON ST / BUTE ST,West End,490531.0,5459023.0
Vehicle Collision or Pedestrian Struck (with Injury),2026,1,2,17,7,ST CATHERINES ST / E 41ST AVE,Sunset,493671.0,5453337.0
Vehicle Collision or Pedestrian Struck (with Injury),2026,1,6,8,52,UNION ST / MAIN ST,Central Business District,492733.0,5458331.0
Vehicle Collision or Pedestrian Struck (with Injury),2026,1,3,19,18,30XX BLOCK KNIGHT ST,Kensington-Cedar Cottage,494425.0,5456100.0
Vehicle Collision or Pedestrian Struck (with Injury),2026,1,4,18,13,E BROADWAY AVE / SLOCAN ST,Renfrew-Collingwood,496392.0,5456583.0
Vehicle Collision or Pedestrian Struck (with Injury),2026,1,8,9,15,E HASTINGS ST / CAMPBELL AVE,Strathcona,493832.0,5458702.0
Vehicle Collision or Pedestrian Struck (with Injury),2026,1,8,9,55,E HASTINGS ST / DUNLEVY AVE,Strathcona,493061.0,5458728.0
Vehicle Collision or Pedestrian Struck (with Injury),2026,1,2,18,49,E HASTINGS ST / MAIN ST,Central Business District,492749.0,5458737.0
Vehicle Collision or Pedestrian Struck (with Injury),2026,1,5,9,59,WILLOW ST / W BROADWAY AVE,Fairview,491136.0,5456735.0
